{
  "thin_current": {
    "label": "thin_current",
    "flight": "RF11",
    "bands": [
      1.24,
      2.13
    ],
    "k_active": 4,
    "tau_grid": [
      0.0,
      0.11545580939242715,
      0.2507869381653635,
      0.8274422272255546
    ],
    "m": 6,
    "K_modes": [
      8,
      8
    ],
    "truth": {
      "tau_bot": 1.2140560825493805,
      "r_top": 7.771639643040305,
      "r_base": 6.330917444519451
    },
    "clim": {
      "r_top_mean": 9.572446197758472,
      "r_top_std": 2.742737046002622,
      "r_base_mean": 5.663745971087904,
      "r_base_std": 1.4436835842643512,
      "tau_bot_mean": 10.590939120510681,
      "tau_bot_std": 9.481431322168103,
      "n": 110
    },
    "A_fixed_anchor": {
      "dofs": 1.48803923371261,
      "profile_dofs": 1.48803923371261,
      "error": [
        1.3346697425299003,
        0.951007989074937,
        0.8099342184480708,
        1.2037379667204422
      ],
      "data_fraction": [
        0.9287462671378569,
        0.9642919994713399,
        0.9744902772764382,
        0.947114931519355
      ]
    },
    "B_joint_broad": {
      "dofs": 2.5867759939958797,
      "profile_dofs": 1.3028204199192897,
      "error": [
        1.3895130504524864,
        1.0631839475272675,
        0.9422545823500565,
        1.7266832612579115,
        6.606992507453999,
        0.07132100431259593
      ],
      "data_fraction": [
        0.9227701393079782,
        0.9553713218725367,
        0.9654742787999411,
        0.89118356052186,
        0.3179320313613875,
        0.9998186047341955
      ],
      "r_base_dofs": 0.2841369693423936,
      "tau_bot_dofs": 0.9998186047341963,
      "r_base_sigma": 6.606992507453999,
      "tau_bot_sigma": 0.07132100431259593,
      "r_base_prior_sigma": 8.0000000000625,
      "tau_bot_prior_sigma": 5.2954695602553405
    },
    "C_joint_clim": {
      "dofs": 2.110887272687277,
      "profile_dofs": 1.089623926476868,
      "error": [
        0.9781075070386716,
        0.8468952658242808,
        0.7833618559547454,
        1.0951484667855627,
        1.4102904538405425,
        0.05190163978193011
      ],
      "data_fraction": [
        0.8728240943147589,
        0.9036642604791685,
        0.9165640768801251,
        0.8280791749301561,
        0.04572599027690938,
        0.9999700349952341
      ],
      "r_base_dofs": 0.02129331121517527,
      "tau_bot_dofs": 0.9999700349952343,
      "r_base_sigma": 1.4102904538405425,
      "tau_bot_sigma": 0.05190163978193011,
      "r_base_prior_sigma": 1.4436835846106875,
      "tau_bot_prior_sigma": 9.481431322168103
    },
    "runtime_s": 326.51000846099487
  },
  "thin_conservative": {
    "label": "thin_conservative",
    "flight": "RF11",
    "bands": [
      0.86,
      2.13
    ],
    "k_active": 4,
    "tau_grid": [
      0.0,
      0.05766630800146806,
      0.16219692481191536,
      0.3916990317796406
    ],
    "m": 6,
    "K_modes": [
      8,
      8
    ],
    "truth": {
      "tau_bot": 1.2140560825493805,
      "r_top": 7.771639643040305,
      "r_base": 6.330917444519451
    },
    "clim": {
      "r_top_mean": 9.572446197758472,
      "r_top_std": 2.742737046002622,
      "r_base_mean": 5.663745971087904,
      "r_base_std": 1.4436835842643512,
      "tau_bot_mean": 10.590939120510681,
      "tau_bot_std": 9.481431322168103,
      "n": 110
    },
    "A_fixed_anchor": {
      "dofs": 1.4500759330250603,
      "profile_dofs": 1.4500759330250603,
      "error": [
        1.061911992551043,
        0.8352503933814205,
        0.6527241426584742,
        0.5991205314821798
      ],
      "data_fraction": [
        0.9548937168048552,
        0.9722757133417537,
        0.9832669738681382,
        0.9862588012519403
      ]
    },
    "B_joint_broad": {
      "dofs": 2.6400775805596757,
      "profile_dofs": 1.0741432315347788,
      "error": [
        1.1550125771402957,
        0.9570656495295584,
        0.7508439793269857,
        0.9618852132330697,
        5.1444651770941014,
        0.06000110032997438
      ],
      "data_fraction": [
        0.9466378378680438,
        0.9635992391792385,
        0.9778581175010647,
        0.9645804766495144,
        0.5864762194074951,
        0.9998716164212579
      ],
      "r_base_dofs": 0.5660627326036404,
      "tau_bot_dofs": 0.9998716164212567,
      "r_base_sigma": 5.1444651770941014,
      "tau_bot_sigma": 0.06000110032997438,
      "r_base_prior_sigma": 8.0000000000625,
      "tau_bot_prior_sigma": 5.2954695602553405
    },
    "C_joint_clim": {
      "dofs": 2.1013384554316756,
      "profile_dofs": 1.0479593849818403,
      "error": [
        0.6633438321650535,
        0.5524479083843885,
        0.4105866031313263,
        0.44208794475937513,
        1.3852382333077675,
        0.03240427266937159
      ],
      "data_fraction": [
        0.9415063064368303,
        0.9592190631038726,
        0.9772613579694971,
        0.9730847169393184,
        0.07932806882151344,
        0.9999883196260075
      ],
      "r_base_dofs": 0.05339075082382616,
      "tau_bot_dofs": 0.9999883196260092,
      "r_base_sigma": 1.3852382333077675,
      "tau_bot_sigma": 0.03240427266937159,
      "r_base_prior_sigma": 1.4436835846106875,
      "tau_bot_prior_sigma": 9.481431322168103
    },
    "runtime_s": 329.99212271899887
  },
  "thick_current": {
    "label": "thick_current",
    "flight": "RF03",
    "bands": [
      1.24,
      1.64,
      2.13
    ],
    "k_active": 5,
    "tau_grid": [
      0.0,
      1.4447958092940478,
      4.692883140162418,
      12.960189367595472,
      16.26432313417133
    ],
    "m": 9,
    "K_modes": [
      8,
      8,
      8
    ],
    "truth": {
      "tau_bot": 23.259499507441358,
      "r_top": 11.408161437029475,
      "r_base": 6.451875000186166
    },
    "clim": {
      "r_top_mean": 9.59395590889494,
      "r_top_std": 2.291408017016608,
      "r_base_mean": 5.686973529999777,
      "r_base_std": 1.6258863115297624,
      "tau_bot_mean": 10.186579498967085,
      "tau_bot_std": 9.847461942467804,
      "n": 113
    },
    "A_fixed_anchor": {
      "dofs": 2.943335426599213,
      "profile_dofs": 2.943335426599213,
      "error": [
        0.6245847850085481,
        1.9823721399712317,
        2.52096680092001,
        4.95570559839772,
        6.212523156379878
      ],
      "data_fraction": [
        0.9843957538540572,
        0.8664970478910905,
        0.8439693166044929,
        0.684074380716933,
        0.5973041459519695
      ]
    },
    "B_joint_broad": {
      "dofs": 3.9002262876756015,
      "profile_dofs": 2.8505756783889367,
      "error": [
        0.6241002917471221,
        2.001933599691931,
        2.515652974298356,
        4.927792713256521,
        6.472891849818344,
        6.114734597326785,
        0.9901159945056753
      ],
      "data_fraction": [
        0.9844199530342694,
        0.8638493135096875,
        0.8446264027410612,
        0.6876232440042657,
        0.5628426154886813,
        0.4157815750756103,
        0.96221013103541
      ],
      "r_base_dofs": 0.08744047825125506,
      "tau_bot_dofs": 0.9622101310354099,
      "r_base_sigma": 6.114734597326785,
      "tau_bot_sigma": 0.9901159945056753,
      "r_base_prior_sigma": 8.0000000000625,
      "tau_bot_prior_sigma": 5.093289749483542
    },
    "C_joint_clim": {
      "dofs": 2.9629164235091774,
      "profile_dofs": 1.9498204884549457,
      "error": [
        0.46870054801392175,
        0.9409366756533117,
        0.9864724849793969,
        1.2883190433256162,
        1.1609104156613683,
        1.4547554004988705,
        0.9325751251229923
      ],
      "data_fraction": [
        0.958160540446173,
        0.8165765794801284,
        0.7529792791630074,
        0.2047475580637812,
        0.10745650099021009,
        0.1994294562243698,
        0.991031516111945
      ],
      "r_base_dofs": 0.02206441894228666,
      "tau_bot_dofs": 0.9910315161119451,
      "r_base_sigma": 1.4547554004988705,