{
  "empirical": {
    "n": 125,
    "r_top": {
      "n": 125,
      "mean": 9.723156697467148,
      "median": 9.484072358732154,
      "std": 2.3428604540056375,
      "mad": 2.3395754433727944,
      "p5": 6.652983102107772,
      "p95": 13.962897927545782,
      "min": 4.8606874238476925,
      "max": 17.989412085815726
    },
    "r_base": {
      "n": 125,
      "mean": 6.351416813244913,
      "median": 5.6593725645108535,
      "std": 2.037244157436463,
      "mad": 1.4237648951565562,
      "p5": 4.216268849578875,
      "p95": 10.14636466891018,
      "min": 3.9344179290706984,
      "max": 14.444083017074538
    },
    "tau_bot": {
      "n": 125,
      "mean": 13.11361372587423,
      "median": 9.605753565167017,
      "std": 10.425306463027367,
      "mad": 9.531161889863252,
      "p5": 2.10681417718065,
      "p95": 34.26359208217781,
      "min": 1.2140560825493805,
      "max": 51.467330191370586
    },
    "r_top_thick": {
      "n": 73,
      "mean": 10.257899486682968,
      "median": 9.663597926623371,
      "std": 2.189197369719573,
      "mad": 2.0388104682300323,
      "p5": 7.259680729504954,
      "p95": 14.441205968275904,
      "min": 6.786216931356231,
      "max": 17.989412085815726
    },
    "r_base_thick": {
      "n": 73,
      "mean": 6.005120119942261,
      "median": 5.53157629886144,
      "std": 1.563297110883139,
      "mad": 1.2401846533316145,
      "p5": 4.149158661694049,
      "p95": 9.323023147248884,
      "min": 4.0300632943624475,
      "max": 10.21737633018492
    },
    "r_base_minus_top": {
      "n": 125,
      "mean": -3.3717398842222384,
      "median": -3.234096849822821,
      "std": 2.0337609852340406,
      "mad": 2.1967397789474403,
      "p5": -6.752010399852686,
      "p95": -0.3171213601413111,
      "min": -8.599629760118166,
      "max": 1.4589859114246
    },
    "corr_rtop_rbase": 0.5764927294065716,
    "corr_rtop_taub": 0.28956849251462985,
    "corr_rbase_taub": -0.19608158504373588,
    "frac_rtop_gt_rbase": 0.952
  },
  "thin": {
    "flight": "RF11",
    "tau_bot": 1.2140560825493805,
    "r_top": 7.771639643040305,
    "r_base": 6.330917444519451,
    "cases": {
      "adiabatic_base": {
        "prior_top": 12.0,
        "prior_base": 6.0,
        "prior_taub": 10.590939120510681,
        "x_top": 9.524610063228053,
        "x_base": 4.213963549192858,
        "x_taub": 1.1878044048209908,
        "A_top": 0.2338419687895316,
        "A_base": 0.10510385184393979,
        "A_taub": 0.9996998172535595,
        "sig_base": 6.146373965452022,
        "sig_taub": 0.09174815493651127
      },
      "inverted(bug)": {
        "prior_top": 10.0,
        "prior_base": 12.0,
        "prior_taub": 10.590939120510681,
        "x_top": 8.402917807419078,
        "x_base": 8.325073252484874,
        "x_taub": 1.2244197785752906,
        "A_top": 0.2338419687895316,
        "A_base": 0.10510385184393979,
        "A_taub": 0.9996998172535595,
        "sig_base": 6.146373965452022,
        "sig_taub": 0.09174815493651127
      },
      "inverted_DIAGONAL": {
        "prior_top": 10.0,
        "prior_base": 12.0,
        "prior_taub": 10.590939120510681,
        "x_top": 8.209682061281262,
        "x_base": 10.67236731844552,
        "x_taub": 1.250280156459807,
        "A_top": 0.19026890126019025,
        "A_base": 0.03936643249847783,
        "A_taub": 0.9996138922848544,
        "sig_base": 7.84095327884677,
        "sig_taub": 0.10405398465757958
      },
      "rtop_lo(8)": {
        "prior_top": 8.0,
        "prior_base": 6.0,
        "prior_taub": 10.590939120510681,
        "x_top": 8.35151547770653,
        "x_base": 5.86091616209934,
        "x_taub": 1.2032334057299234,
        "A_top": 0.2338419687895316,
        "A_base": 0.10510385184393979,
        "A_taub": 0.9996998172535595,
        "sig_base": 6.146373965452022,
        "sig_taub": 0.09174815493651127
      },
      "rtop_hi(16)": {
        "prior_top": 16.0,
        "prior_base": 6.0,
        "prior_taub": 10.590939120510681,
        "x_top": 10.660100261337726,
        "x_base": 2.3432688693838934,
        "x_taub": 1.1732660239100614,
        "A_top": 0.2338419687895316,
        "A_base": 0.10510385184393979,
        "A_taub": 0.9996998172535595,
        "sig_base": 6.146373965452022,
        "sig_taub": 0.09174815493651127
      },
      "rbase_lo(4)": {
        "prior_top": 12.0,
        "prior_base": 4.0,
        "prior_taub": 10.590939120510681,
        "x_top": 9.515438816899966,
        "x_base": 2.49814668790533,
        "x_taub": 1.180705455033145,
        "A_top": 0.2338419687895316,
        "A_base": 0.10510385184393979,
        "A_taub": 0.9996998172535595,
        "sig_base": 6.146373965452022,
        "sig_taub": 0.09174815493651127
      },
      "rbase_hi(10)": {
        "prior_top": 12.0,
        "prior_base": 10.0,
        "prior_taub": 10.590939120510681,
        "x_top": 9.430958654620682,
        "x_base": 7.036108731656207,
        "x_taub": 1.2043847876038676,
        "A_top": 0.2338419687895316,
        "A_base": 0.10510385184393979,
        "A_taub": 0.9996998172535595,
        "sig_base": 6.146373965452022,
        "sig_taub": 0.09174815493651127
      },
      "rbase_narrow(2)": {
        "prior_top": 12.0,
        "prior_base": 6.0,
        "prior_taub": 10.590939120510681,
        "x_top": 8.649325155485508,
        "x_base": 5.090251542678039,
        "x_taub": 1.218522849149977,
        "A_top": 0.3000871706058568,
        "A_base": 0.03827090011900597,
        "A_taub": 0.9998038687750543,
        "sig_base": 1.7281224897979641,
        "sig_taub": 0.07416138746611012
      },
      "rbase_wide(12)": {
        "prior_top": 12.0,
        "prior_base": 6.0,
        "prior_taub": 10.590939120510681,
        "x_top": 9.848867207312509,
        "x_base": 4.267423940737063,
        "x_taub": 1.183190118206726,
        "A_top": 0.2048419340739953,
        "A_base": 0.12505278277969728,
        "A_taub": 0.9996393735570733,
        "sig_base": 8.932876593120898,
        "sig_taub": 0.10056185132600114
      },
      "taub_lo(5)": {
        "prior_top": 12.0,
        "prior_base": 6.0,
        "prior_taub": 5.0,
        "x_top": 9.545285273237365,
        "x_base": 4.1619844973630595,
        "x_taub": 1.1861261013606144,
        "A_top": 0.2338419687895316,
        "A_base": 0.10510385184393979,
        "A_taub": 0.9996998172535595,
        "sig_base": 6.146373965452022,
        "sig_taub": 0.09174815493651127
      },
      "taub_hi(25)": {
        "prior_top": 12.0,
        "prior_base": 6.0,
        "prior_taub": 25.0,
        "x_top": 9.47132556963958,
        "x_base": 4.347924822268798,
        "x_taub": 1.1921297562894253,
        "A_top": 0.2338419687895316,
        "A_base": 0.10510385184393979,
        "A_taub": 0.9996998172535595,
        "sig_base": 6.146373965452022,
        "sig_taub": 0.09174815493651127
      },
      "taub_tight(2)": {
        "prior_top": 12.0,
        "prior_base": 6.0,
        "prior_taub": 10.590939120510681,
        "x_top": 9.31598546256366,
        "x_base": 4.7384616764274705,
        "x_taub": 1.2047394390495807,
        "A_top": 0.23404968878257507,
        "A_base": 0.10529290950001467,
        "A_taub": 0.9978993590940846,
        "sig_base": 6.145190878543222,
        "sig_taub": 0.09166549854579294
      },
      "taub_vague(40)": {
        "prior_top": 12.0,
        "prior_base": 6.0,
        "prior_taub": 10.590939120510681,
        "x_top": 9.558783360333148,
        "x_base": 4.128049278875111,
        "x_taub": 1.1850303985224144,
        "A_top": 0.2338079436696899,
        "A_base": 0.10507288366745499,
        "A_taub": 0.9999947373704775,
        "sig_base": 6.146567736713875,
        "sig_taub": 0.09176168718929065
      }
    }
  },
  "thick": {
    "flight": "RF03",
    "tau_bot": 23.259499507441358,
    "r_top": 11.408161437029475,
    "r_base": 6.451875000186166,
    "cases": {
      "adiabatic_base": {
        "prior_top": 12.0,