{
  "thin": {
    "ss_fraction_213": 0.033299012627584036,
    "view": {
      "3-moderate": {
        "A_top": 0.2458884487532645,
        "A_profile": 1.2692997795161869,
        "dofs": 2.3020253216169864,
        "n_view": 3
      },
      "3-oblique": {
        "A_top": 0.28632398743935017,
        "A_profile": 1.2314967085940776,
        "dofs": 2.250085052986386,
        "n_view": 3
      },
      "8-dense": {
        "A_top": 0.3926765359424793,
        "A_profile": 1.5347351723444955,
        "dofs": 2.573068101947899,
        "n_view": 8
      }
    }
  },
  "thick": {
    "ss_fraction_213": 0.023803679712258163,
    "view": {
      "3-moderate": {
        "A_top": 0.9499094895037374,
        "A_profile": 1.961664412802523,
        "dofs": 2.972499431887189,
        "n_view": 3
      },
      "3-oblique": {
        "A_top": 0.9680474492393555,
        "A_profile": 1.8164332325873758,
        "dofs": 2.8225680906518504,
        "n_view": 3
      },
      "8-dense": {
        "A_top": 0.9756932294741262,
        "A_profile": 2.205862682878806,
        "dofs": 3.2240694215426955,
        "n_view": 8
      }
    },
    "nquad": {
      "16": {
        "A_top": 0.9499094895037374,
        "A_profile": 1.961664412802523,
        "dofs": 2.972499431887189
      },
      "24": {
        "A_top": 0.9453112021886183,
        "A_profile": 1.774607057332979,
        "dofs": 2.773260051448894
      },
      "32": {
        "A_top": 0.9444620888133796,
        "A_profile": 1.7733140546860744,
        "dofs": 2.784677392845858
      }
    }
  }
}