{
  "flight": "RF08",
  "tau_bot": 26.283974672461632,
  "r_top": 12.317231092354643,
  "r_base": 5.24284021023261,
  "filter_factors": [
    0.9756127491362414,
    0.8486887295678907,
    0.2895403101732365,
    0.07026864951912593,
    0.015876235631595723,
    0.001530571311102074,
    1.065614098184474e-06,
    1.2671058758003642e-07,
    8.779650762013779e-10,
    1.3305217117785693e-10,
    4.5574377809044345e-11,
    8.415468439678308e-13,
    1.5240921587593113e-13,
    2.5744858529687277e-14,
    1.3131347324132417e-16
  ],
  "rows": [
    {
      "k": 3,
      "k_final": 3,
      "rmse_node": 0.9211236829139872,
      "rmse_dense": 0.9857988137836924,
      "dofs": 3.105220140117563,
      "sic": 11.561772231520372,
      "chi2_red": 0.0379263877441865,
      "tau_bot": 24.596397399902344
    },
    {
      "k": 4,
      "k_final": 4,
      "rmse_node": 0.5161994918015431,
      "rmse_dense": 0.652688292681978,
      "dofs": 3.1432608266972393,
      "sic": 13.5642798765151,
      "chi2_red": 0.03652976462256819,
      "tau_bot": 24.202388763427734
    },
    {
      "k": 5,
      "k_final": 5,
      "rmse_node": 0.8137809431343972,
      "rmse_dense": 0.8496886073349672,
      "dofs": 2.983777258185527,
      "sic": 11.027105679987159,
      "chi2_red": 0.0691943766570595,
      "tau_bot": 24.6661376953125
    },
    {
      "k": 6,
      "k_final": 6,
      "rmse_node": 0.7184303433703855,
      "rmse_dense": 0.7257645991181564,
      "dofs": 3.0053597678361763,
      "sic": 11.193723651318075,
      "chi2_red": 0.11390351608499005,
      "tau_bot": 24.250673294067383
    }
  ]
}