{
  "thin_re5_n1": {
    "label": "thin_re5_n1",
    "flight": "RF11",
    "re_class": "re5-linear",
    "n_outer": 1,
    "bands": [
      1.24,
      2.13
    ],
    "k_active_used": 4,
    "k_filter": 4,
    "k_dofs": 4,
    "so1": {
      "filter": {
        "method": "filter",
        "k_active": 4,
        "dofs": 2.8770692115291174,
        "sum_filter_factor": 3.0141861925219198,
        "n_data_dominated": 3,
        "margin": 1,
        "factor": 1.5,
        "rdiag": [
          18.868839302575882,
          6.838319504198654,
          2.194775277093703,
          0.5096102172624059,
          0.05196401580443156,
          0.03128679134369936
        ],
        "filter_factors": [
          0.9971991392130061,
          0.9790631223093068,
          0.8280912190820869,
          0.2061618186654864,
          0.0026929871758303485,
          0.000977906076203033
        ]
      },
      "dofs": {
        "method": "dofs",
        "k_active": 4,
        "dofs": 2.8770692115291174,
        "sum_filter_factor": 3.0141861925219198,
        "n_data_dominated": 3,
        "margin": 1,
        "factor": 1.5,
        "rdiag": [
          18.868839302575882,
          6.838319504198654,
          2.194775277093703,
          0.5096102172624059,
          0.05196401580443156,
          0.03128679134369936
        ],
        "filter_factors": [
          0.9971991392130061,
          0.9790631223093068,
          0.8280912190820869,
          0.2061618186654864,
          0.0026929871758303485,
          0.000977906076203033
        ]
      }
    },
    "s_grid": [
      0.0,
      0.04770864182564114,
      0.16079576140010912,
      0.493794695371071
    ],
    "tau_grid": [
      0.0,
      0.0585876213329979,
      0.19746194442696383,
      0.6063944711394973
    ],
    "truth": {
      "tau_bot": 1.2140560825493805,
      "r_top": 7.771639643040305,
      "r_base": 6.330917444519451
    },
    "clim": {
      "r_top_mean": 9.572446197758472,
      "r_base_mean": 5.663745971087904,
      "tau_bot_mean": 10.590939120510681
    },
    "retrieved": {
      "profile": [
        8.75025026086048,
        8.69967317037667,
        8.308109979115915,
        6.874658095392471
      ],
      "r_base": 7.67049295884245,
      "tau_bot": 1.2280295370200587
    },
    "truth_on_grid": [
      7.771639643040305,
      8.365285741210853,
      8.223305718883418,
      7.05442490898624
    ],
    "profile_rmse": 0.5265457159444339,
    "converged": false,
    "cost_history": [
      8264.678655010457,
      1471.6356554293807,
      660.9837258865417,
      2669.731017320952,
      850.6194497750827,
      79.04615108320678,
      11.591264308489965,
      2.249647112262252,
      1.8833508734196438,
      1.8501761499920324,
      1.8480519700433984,
      1.8480551774609706
    ],
    "resid_norm": 0.0009948067524298812,
    "dofs": 3.6449041338654955,
    "dofs_profile": 1.7995078691938051,
    "dofs_r_base": 0.8454817389300188,
    "dofs_tau_bot": 0.9999145257416715,
    "error": [
      2.3364992599021464,
      1.8113855788748097,
      1.9183858191068137,
      2.3698219015009787,
      2.5784950138822613,
      0.04895782847982978
    ],
    "tau_bot_post_sigma": 0.04895782847982978,
    "r_base_post_sigma": 2.5784950138822613,
    "tau_bot_prior_sigma": 5.2954695602553405,
    "runtime_s": 438.72483556599764
  },
  "thick_re5_n1": {
    "label": "thick_re5_n1",
    "flight": "RF03",
    "re_class": "re5-linear",
    "n_outer": 1,
    "bands": [
      1.24,
      1.64,
      2.13
    ],
    "k_active_used": 5,
    "k_filter": 3,
    "k_dofs": 4,
    "so1": {
      "filter": {
        "method": "filter",
        "k_active": 3,
        "dofs": 2.393843912800081,
        "sum_filter_factor": 2.534941982335738,
        "n_data_dominated": 2,
        "margin": 1,
        "factor": 1.5,
        "rdiag": [
          5.805164997483778,
          2.603537139955934,
          0.9398909564340964,
          0.5135585546676865,
          0.10878314810691601,
          0.039489218002007026,
          0.03640916488511068,
          0.0013625985795355283,
          0.00017088785131698017
        ],
        "filter_factors": [
          0.9711815069038937,
          0.8714389495233553,
          0.4690439367750504,
          0.2086994876115222,
          0.011695372920114685,
          0.0015569704013532117,
          0.0013238723263500273,
          1.8566714417169967e-06,
          2.9202656874939132e-08
        ]
      },
      "dofs": {
        "method": "dofs",
        "k_active": 4,
        "dofs": 2.393843912800081,
        "sum_filter_factor": 2.534941982335738,
        "n_data_dominated": 2,
        "margin": 1,
        "factor": 1.5,
        "rdiag": [
          5.805164997483778,
          2.603537139955934,
          0.9398909564340964,
          0.5135585546676865,
          0.10878314810691601,
          0.039489218002007026,
          0.03640916488511068,
          0.0013625985795355283,
          0.00017088785131698017
        ],
        "filter_factors": [
          0.9711815069038937,
          0.8714389495233553,
          0.4690439367750504,
          0.2086994876115222,
          0.011695372920114685,
          0.0015569704013532117,
          0.0013238723263500273,
          1.8566714417169967e-06,
          2.9202656874939132e-08
        ]
      }
    },
    "s_grid": [
      0.0,
      0.040813236948268626,
      0.1507607981933893,
      0.3201058468285092,
      0.47882057993199656
    ],
    "tau_grid": [
      0.0,
      0.8599737642161143,
      3.1766735699726203,
      6.74493499238065,
      10.089205544519547
    ],
    "truth": {
      "tau_bot": 23.259499507441358,
      "r_top": 11.408161437029475,
      "r_base": 6.451875000186166
    },
    "clim": {
      "r_top_mean": 9.59395590889494,
      "r_base_mean": 5.686973529999777,
      "tau_bot_mean": 10.186579498967085
    },
    "retrieved": {
      "profile": [
        10.870853536629113,
        10.744295738475047,
        9.587585814181836,
        8.202911356981089,
        7.103393016203597
      ],
      "r_base": 6.957450484408932,
      "tau_bot": 21.070952184119665
    },
    "truth_on_grid": [
      11.408161437029475,
      9.537253674278556,
      9.557999769741093,
      8.807441672730308,
      8.380022920397423
    ],
    "profile_rmse": 0.8650741556120849,
    "converged": false,
    "cost_history": [
      164.6556380548949,
      42.45106779456356,
      14.52718605433834,
      3.0537075645759324,
      3.01712671651224,
      3.2025848148911304,
      3.531615519076509,
      3.006096764169081,
      2.972663818238416,
      4.0971361162494215,
      3.1402153238696706,
      3.186884282337288
    ],
    "resid_norm": 0.017168030958526277,
    "dofs": 3.434511048942743,
    "dofs_profile": 2.149244193733533,
    "dofs_r_base": 0.33265734210891656,
    "dofs_tau_bot": 0.952609513100293,
    "error": [
      1.0533268318370415,
      1.0704193608652903,
      2.029504292741705,
      2.697312202627368,
      3.361934543230669,
      5.971928258011707,
      1.1087763874356762
    ],
    "tau_bot_post_sigma": 1.1087763874356762,
    "r_base_post_sigma": 5.971928258011707,
    "tau_bot_prior_sigma": 5.093289749483542,
    "runtime_s": 726.267922013998
  },
  "thin_re5_n2": {
    "label": "thin_re5_n2",
    "flight": "RF11",
    "re_class": "re5-linear",
    "n_outer": 2,
    "bands": [
      1.24,
      2.13
    ],
    "k_active_used": 4,
    "k_filter": 4,
    "k_dofs": 4,
    "so1": {
      "filter": {
        "method": "filter",
        "k_active": 4,
        "dofs": 2.8770692115291174,
        "sum_filter_factor": 3.0141861925219198,
        "n_data_dominated": 3,
        "margin": 1,
        "factor": 1.5,
        "rdiag": [
          18.868839302575882,
          6.838319504198654,
          2.194775277093703,
          0.5096102172624059,
          0.05196401580443156,
          0.03128679134369936
        ],