{
  "thin_linear_n1": {
    "label": "thin_linear_n1",
    "flight": "RF11",
    "re_class": "linear",
    "n_outer": 1,
    "bands": [
      1.24,
      2.13
    ],
    "k_active_used": 4,
    "k_filter": 4,
    "k_dofs": 4,
    "so1": {
      "filter": {
        "method": "filter",
        "k_active": 4,
        "dofs": 2.8728542526004435,
        "sum_filter_factor": 2.8554673354730618,
        "n_data_dominated": 3,
        "margin": 1,
        "factor": 1.5,
        "rdiag": [
          18.672026403559784,
          7.069396710739725,
          1.961496200767937,
          0.29515258669245803,
          0.06326443960054927,
          0.010818003016902273
        ],
        "filter_factors": [
          0.9971399527241152,
          0.9803830676278509,
          0.7937067072969332,
          0.08013415827223194,
          0.00398643405688547,
          0.00011701549504518906
        ]
      },
      "dofs": {
        "method": "dofs",
        "k_active": 4,
        "dofs": 2.8728542526004435,
        "sum_filter_factor": 2.8554673354730618,
        "n_data_dominated": 3,
        "margin": 1,
        "factor": 1.5,
        "rdiag": [
          18.672026403559784,
          7.069396710739725,
          1.961496200767937,
          0.29515258669245803,
          0.06326443960054927,
          0.010818003016902273
        ],
        "filter_factors": [
          0.9971399527241152,
          0.9803830676278509,
          0.7937067072969332,
          0.08013415827223194,
          0.00398643405688547,
          0.00011701549504518906
        ]
      }
    },
    "tau_grid": [
      0.0,
      0.5137541921515214,
      1.7187932666979338,
      5.235117335068552
    ],
    "truth": {
      "tau_bot": 1.2140560825493805,
      "r_top": 7.771639643040305,
      "r_base": 6.330917444519451
    },
    "clim": {
      "r_top_mean": 9.572446197758472,
      "r_base_mean": 5.663745971087904,
      "tau_bot_mean": 10.590939120510681
    },
    "retrieved": {
      "profile": [
        1.5502807369256288,
        7.6720600407366675,
        6.451156767487262,
        9.963408818314932
      ],
      "r_base": 16.346479345603093,
      "tau_bot": -5.089404375078599
    },
    "truth_on_grid": [
      7.771639643040305,
      7.6896787159451145,
      6.330917444519451,
      6.330917444519451
    ],
    "profile_rmse": 3.602605589427423,
    "converged": false,
    "cost_history": [
      8238.983744968637,
      4501.89350744207,
      15131.386728610132,
      3289.0112249701606,
      9277.778116000953,
      46078.5560853704,
      3813.6634935794023,
      8184.001454640364,
      2729.175967808071,
      7111.983193317054,
      5620.214236805633,
      11536.736187796501
    ],
    "resid_norm": 0.5697152927518764,
    "dofs": 2.6547467554374733,
    "dofs_profile": 2.654633639711786,
    "dofs_r_base": 0.00011311572568732503,
    "dofs_tau_bot": 0.0,
    "error": [
      0.5325464213614225,
      1.0664506275866572,
      1.6238409471242607,
      3.439366957958383,
      7.609479235069565,
      5.2954695602553405
    ],
    "tau_bot_post_sigma": 5.2954695602553405,
    "r_base_post_sigma": 7.609479235069565,
    "tau_bot_prior_sigma": 5.2954695602553405,
    "runtime_s": 751.5409303560009
  }
}